product_id,product_name,category,base_price,source_system
P00000,Product_0,,281,SRC_137
P00001,Product_1,Manicure,abc,SRC_36
P00002,Product_2,Manicure,abc,SRC_241
P00003,Product_3,,"61,08",SRC_195
P00004,Product_4,,254,SRC_57
P00005,Product_5,,abc,SRC_114
P00006,Product_6,Pedicure,abc,SRC_58
P00007,Product_7,,"195,53",SRC_118
P00008,Product_8,Manicure,abc,SRC_220
P00009,Product_9,Tools,abc,SRC_105
P00010,Product_10,,172,SRC_101
P00011,Product_11,,"113,76",SRC_101
P00012,Product_12,Tools,184,SRC_109
P00013,Product_13,,abc,SRC_170
P00014,Product_14,Manicure,267,SRC_137
P00015,Product_15,Manicure,"39,20",SRC_25
P00016,Product_16,Pedicure,"100,54",SRC_81
P00017,Product_17,Tools,"263,99",SRC_176
P00018,Product_18,Manicure,"298,41",SRC_79
P00019,Product_19,Manicure,160,SRC_32
P00020,Product_20,Tools,"249,98",SRC_7
P00021,Product_21,Manicure,"38,04",SRC_133
P00022,Product_22,,210,SRC_235
P00023,Product_23,Pedicure,264,SRC_63
P00024,Product_24,,abc,SRC_155
P00025,Product_25,Tools,abc,SRC_136
P00026,Product_26,Tools,abc,SRC_57
P00027,Product_27,Pedicure,16,SRC_76
P00028,Product_28,Pedicure,abc,SRC_203
P00029,Product_29,Pedicure,"193,80",SRC_23
P00030,Product_30,,abc,SRC_77
P00031,Product_31,Manicure,"160,21",SRC_212
P00032,Product_32,Pedicure,abc,SRC_160
P00033,Product_33,,"28,93",SRC_64
P00034,Product_34,,abc,SRC_108
P00035,Product_35,,abc,SRC_100
P00036,Product_36,Pedicure,"278,73",SRC_229
P00037,Product_37,Pedicure,abc,SRC_157
P00038,Product_38,,283,SRC_74
P00039,Product_39,Tools,"109,02",SRC_131
P00040,Product_40,Pedicure,abc,SRC_194
P00041,Product_41,,abc,SRC_3
P00042,Product_42,Pedicure,"207,96",SRC_131
P00043,Product_43,Pedicure,72,SRC_239
P00044,Product_44,Tools,292,SRC_31
P00045,Product_45,Pedicure,49,SRC_131
P00046,Product_46,,234,SRC_104
P00047,Product_47,,abc,SRC_201
P00048,Product_48,,"292,77",SRC_224
P00049,Product_49,Pedicure,281,SRC_82
P00050,Product_50,,abc,SRC_160
P00051,Product_51,Pedicure,"131,86",SRC_107
P00052,Product_52,Manicure,abc,SRC_124
P00053,Product_53,Manicure,abc,SRC_238
P00054,Product_54,Pedicure,184,SRC_17
P00055,Product_55,Pedicure,222,SRC_243
P00056,Product_56,Tools,168,SRC_59
P00057,Product_57,,100,SRC_114
P00058,Product_58,Tools,abc,SRC_38
P00059,Product_59,Tools,abc,SRC_216
P00060,Product_60,,abc,SRC_94
P00061,Product_61,Manicure,abc,SRC_111
P00062,Product_62,,288,SRC_20
P00063,Product_63,Tools,abc,SRC_108
P00064,Product_64,,"28,83",SRC_170
P00065,Product_65,,"282,01",SRC_130
P00066,Product_66,Pedicure,124,SRC_112
P00067,Product_67,Tools,258,SRC_131
P00068,Product_68,,abc,SRC_191
P00069,Product_69,Tools,"202,25",SRC_200
P00070,Product_70,,abc,SRC_249
P00071,Product_71,Tools,174,SRC_14
P00072,Product_72,Tools,abc,SRC_121
P00073,Product_73,,abc,SRC_140
P00074,Product_74,Manicure,abc,SRC_190
P00075,Product_75,Pedicure,"247,11",SRC_171
P00076,Product_76,,abc,SRC_238
P00077,Product_77,,abc,SRC_65
P00078,Product_78,,"223,92",SRC_162
P00079,Product_79,,294,SRC_167
P00080,Product_80,Tools,abc,SRC_48
P00081,Product_81,,"279,12",SRC_204
P00082,Product_82,,"89,22",SRC_198
P00083,Product_83,Pedicure,abc,SRC_1
P00084,Product_84,,abc,SRC_149
P00085,Product_85,Tools,194,SRC_88
P00086,Product_86,Tools,abc,SRC_43
P00087,Product_87,Tools,"285,67",SRC_67
P00088,Product_88,Manicure,187,SRC_58
P00089,Product_89,Manicure,"113,20",SRC_111
P00090,Product_90,,abc,SRC_3
P00091,Product_91,Tools,289,SRC_93
P00092,Product_92,,abc,SRC_183
P00093,Product_93,,"81,11",SRC_200
P00094,Product_94,Tools,"40,67",SRC_218
P00095,Product_95,,170,SRC_75
P00096,Product_96,Pedicure,"162,56",SRC_176
P00097,Product_97,,"285,22",SRC_148
P00098,Product_98,Pedicure,"195,69",SRC_134
P00099,Product_99,,abc,SRC_55
P00100,Product_100,,"117,09",SRC_63
P00101,Product_101,Manicure,"293,37",SRC_27
P00102,Product_102,,"90,95",SRC_132
P00103,Product_103,Manicure,217,SRC_156
P00104,Product_104,Manicure,265,SRC_147
P00105,Product_105,Manicure,132,SRC_219
P00106,Product_106,Pedicure,"27,29",SRC_183
P00107,Product_107,Manicure,130,SRC_111
P00108,Product_108,Pedicure,150,SRC_215
P00109,Product_109,Tools,"166,09",SRC_137
P00110,Product_110,Tools,"242,78",SRC_42
P00111,Product_111,,abc,SRC_1
P00112,Product_112,,"169,67",SRC_10
P00113,Product_113,,abc,SRC_169
P00114,Product_114,Manicure,13,SRC_108
P00115,Product_115,,63,SRC_68
P00116,Product_116,,abc,SRC_160
P00117,Product_117,Manicure,169,SRC_19
P00118,Product_118,Manicure,abc,SRC_140
P00119,Product_119,Tools,"173,60",SRC_233
P00120,Product_120,Manicure,"230,44",SRC_234
P00121,Product_121,Tools,abc,SRC_50
P00122,Product_122,Tools,"146,95",SRC_118
P00123,Product_123,Manicure,abc,SRC_119
P00124,Product_124,Pedicure,"274,47",SRC_63
P00125,Product_125,Manicure,25,SRC_112
P00126,Product_126,,286,SRC_60
P00127,Product_127,Pedicure,72,SRC_196
P00128,Product_128,Manicure,172,SRC_66
P00129,Product_129,Manicure,abc,SRC_43
P00130,Product_130,Tools,"101,20",SRC_130
P00131,Product_131,,"46,45",SRC_131
P00132,Product_132,,66,SRC_224
P00133,Product_133,,"290,00",SRC_107
P00134,Product_134,,"230,21",SRC_218
P00135,Product_135,Tools,abc,SRC_35
P00136,Product_136,Tools,"42,29",SRC_14
P00137,Product_137,Pedicure,abc,SRC_194
P00138,Product_138,Pedicure,"259,32",SRC_202
P00139,Product_139,Pedicure,268,SRC_76
P00140,Product_140,Manicure,211,SRC_66
P00141,Product_141,Pedicure,297,SRC_189
P00142,Product_142,,"19,24",SRC_134
P00143,Product_143,,abc,SRC_106
P00144,Product_144,Pedicure,abc,SRC_82
P00145,Product_145,Manicure,abc,SRC_131
P00146,Product_146,,24,SRC_31
P00147,Product_147,,248,SRC_44
P00148,Product_148,Manicure,36,SRC_65
P00149,Product_149,Tools,abc,SRC_28
P00150,Product_150,Manicure,258,SRC_219
P00151,Product_151,Manicure,141,SRC_101
P00152,Product_152,,abc,SRC_102
P00153,Product_153,Tools,116,SRC_76
P00154,Product_154,Tools,"203,51",SRC_114
P00155,Product_155,Pedicure,abc,SRC_15
P00156,Product_156,Tools,"250,33",SRC_2
P00157,Product_157,,"64,69",SRC_112
P00158,Product_158,,88,SRC_216
P00159,Product_159,Pedicure,"283,86",SRC_79
P00160,Product_160,Pedicure,"136,99",SRC_103
P00161,Product_161,Manicure,178,SRC_250
P00162,Product_162,,230,SRC_144
P00163,Product_163,Tools,abc,SRC_190
P00164,Product_164,Manicure,214,SRC_134
P00165,Product_165,Manicure,86,SRC_214
P00166,Product_166,,"44,31",SRC_125
P00167,Product_167,,"147,20",SRC_194
P00168,Product_168,,abc,SRC_196
P00169,Product_169,Tools,"133,76",SRC_190
P00170,Product_170,,285,SRC_49
P00171,Product_171,Pedicure,131,SRC_181
P00172,Product_172,Manicure,abc,SRC_208
P00173,Product_173,,165,SRC_85
P00174,Product_174,Tools,240,SRC_10
P00175,Product_175,Tools,223,SRC_137
P00176,Product_176,Manicure,209,SRC_148
P00177,Product_177,,"240,29",SRC_200
P00178,Product_178,Manicure,"112,98",SRC_88
P00179,Product_179,,abc,SRC_149
P00180,Product_180,Manicure,20,SRC_208
P00181,Product_181,Manicure,abc,SRC_164
P00182,Product_182,Tools,abc,SRC_234
P00183,Product_183,Pedicure,abc,SRC_204
P00184,Product_184,,"243,84",SRC_174
P00185,Product_185,,abc,SRC_119
P00186,Product_186,Pedicure,136,SRC_196
P00187,Product_187,Manicure,abc,SRC_220
P00188,Product_188,Tools,224,SRC_239
P00189,Product_189,Manicure,177,SRC_178
P00190,Product_190,Pedicure,"291,08",SRC_216
P00191,Product_191,,abc,SRC_160
P00192,Product_192,,94,SRC_148
P00193,Product_193,,"42,79",SRC_164
P00194,Product_194,,abc,SRC_144
P00195,Product_195,Tools,abc,SRC_59
P00196,Product_196,Manicure,243,SRC_53
P00197,Product_197,Manicure,abc,SRC_104
P00198,Product_198,,73,SRC_193
P00199,Product_199,,abc,SRC_237
P00200,Product_200,Manicure,"148,95",SRC_2
P00201,Product_201,Manicure,237,SRC_106
P00202,Product_202,Manicure,"86,30",SRC_187
P00203,Product_203,,30,SRC_197
P00204,Product_204,,abc,SRC_190
P00205,Product_205,Pedicure,abc,SRC_170
P00206,Product_206,Tools,"166,19",SRC_191
P00207,Product_207,Tools,abc,SRC_211
P00208,Product_208,,abc,SRC_236
P00209,Product_209,,109,SRC_105
P00210,Product_210,Tools,abc,SRC_231
P00211,Product_211,,abc,SRC_124
P00212,Product_212,Manicure,"40,89",SRC_250
P00213,Product_213,,38,SRC_178
P00214,Product_214,,295,SRC_50
P00215,Product_215,,64,SRC_75
P00216,Product_216,Pedicure,"20,32",SRC_90
P00217,Product_217,,"40,05",SRC_52
P00218,Product_218,Manicure,213,SRC_120
P00219,Product_219,Tools,10,SRC_29
P00220,Product_220,Pedicure,"239,73",SRC_113
P00221,Product_221,,"119,94",SRC_106
P00222,Product_222,Tools,"101,89",SRC_146
P00223,Product_223,,"22,88",SRC_132
P00224,Product_224,,218,SRC_102
P00225,Product_225,Pedicure,"95,56",SRC_189
P00226,Product_226,Tools,46,SRC_164
P00227,Product_227,Pedicure,271,SRC_108
P00228,Product_228,Tools,181,SRC_14
P00229,Product_229,Tools,"206,59",SRC_168
P00230,Product_230,Manicure,20,SRC_178
P00231,Product_231,Manicure,"173,90",SRC_170
P00232,Product_232,Pedicure,131,SRC_8
P00233,Product_233,,"251,28",SRC_40
P00234,Product_234,Manicure,234,SRC_104
P00235,Product_235,Tools,12,SRC_60
P00236,Product_236,Pedicure,abc,SRC_221
P00237,Product_237,,123,SRC_58
P00238,Product_238,Pedicure,"266,95",SRC_120
P00239,Product_239,,"16,46",SRC_62
P00240,Product_240,,"26,42",SRC_48
P00241,Product_241,Manicure,abc,SRC_194
P00242,Product_242,,192,SRC_214
P00243,Product_243,Tools,66,SRC_31
P00244,Product_244,Manicure,abc,SRC_94
P00245,Product_245,,abc,SRC_243
P00246,Product_246,Tools,abc,SRC_127
P00247,Product_247,Tools,"158,11",SRC_88
P00248,Product_248,,abc,SRC_45
P00249,Product_249,Tools,87,SRC_64
P00250,Product_250,Tools,27,SRC_166
P00251,Product_251,Pedicure,"181,85",SRC_94
P00252,Product_252,Manicure,abc,SRC_244
P00253,Product_253,Tools,112,SRC_225
P00254,Product_254,,"138,75",SRC_18
P00255,Product_255,Pedicure,146,SRC_207
P00256,Product_256,Tools,abc,SRC_17
P00257,Product_257,,"262,54",SRC_51
P00258,Product_258,Tools,55,SRC_71
P00259,Product_259,,abc,SRC_206
P00260,Product_260,,"181,31",SRC_33
P00261,Product_261,Tools,"240,05",SRC_1
P00262,Product_262,Manicure,"148,67",SRC_150
P00263,Product_263,,abc,SRC_70
P00264,Product_264,Manicure,"294,76",SRC_115
P00265,Product_265,Tools,"293,85",SRC_229
P00266,Product_266,,abc,SRC_64
P00267,Product_267,Manicure,19,SRC_132
P00268,Product_268,,"16,42",SRC_140
P00269,Product_269,Manicure,"147,02",SRC_73
P00270,Product_270,Manicure,abc,SRC_29
P00271,Product_271,Manicure,123,SRC_246
P00272,Product_272,,abc,SRC_48
P00273,Product_273,Manicure,59,SRC_180
P00274,Product_274,,"165,53",SRC_246
P00275,Product_275,Manicure,230,SRC_213
P00276,Product_276,,"142,18",SRC_39
P00277,Product_277,Tools,107,SRC_199
P00278,Product_278,Pedicure,abc,SRC_131
P00279,Product_279,,abc,SRC_20
P00280,Product_280,Pedicure,"209,00",SRC_63
P00281,Product_281,Pedicure,abc,SRC_111
P00282,Product_282,Tools,191,SRC_184
P00283,Product_283,Manicure,191,SRC_218
P00284,Product_284,,21,SRC_148
P00285,Product_285,,"186,07",SRC_238
P00286,Product_286,,61,SRC_70
P00287,Product_287,Tools,"30,67",SRC_225
P00288,Product_288,,"175,24",SRC_217
P00289,Product_289,Pedicure,85,SRC_229
P00290,Product_290,,"260,49",SRC_235
P00291,Product_291,Pedicure,abc,SRC_222
P00292,Product_292,,195,SRC_65
P00293,Product_293,Tools,abc,SRC_191
P00294,Product_294,Manicure,abc,SRC_63
P00295,Product_295,Tools,122,SRC_70
P00296,Product_296,Tools,abc,SRC_136
P00297,Product_297,Tools,"299,69",SRC_151
P00298,Product_298,Pedicure,206,SRC_98
P00299,Product_299,,abc,SRC_235
P00300,Product_300,,244,SRC_177
P00301,Product_301,Pedicure,abc,SRC_61
P00302,Product_302,Manicure,"99,60",SRC_232
P00303,Product_303,Tools,abc,SRC_190
P00304,Product_304,,abc,SRC_211
P00305,Product_305,Manicure,"92,17",SRC_23
P00306,Product_306,,23,SRC_34
P00307,Product_307,,"161,46",SRC_192
P00308,Product_308,,"156,34",SRC_199
P00309,Product_309,Tools,abc,SRC_73
P00310,Product_310,Pedicure,"47,03",SRC_244
P00311,Product_311,Pedicure,abc,SRC_192
P00312,Product_312,,35,SRC_109
P00313,Product_313,,abc,SRC_163
P00314,Product_314,Pedicure,"36,91",SRC_170
P00315,Product_315,Manicure,"161,00",SRC_131
P00316,Product_316,Tools,abc,SRC_45
P00317,Product_317,,289,SRC_121
P00318,Product_318,,"187,82",SRC_222
P00319,Product_319,Tools,"82,17",SRC_152
P00320,Product_320,Pedicure,"76,17",SRC_93
P00321,Product_321,,102,SRC_117
P00322,Product_322,Tools,"195,57",SRC_43
P00323,Product_323,Manicure,"276,67",SRC_24
P00324,Product_324,Manicure,168,SRC_9
P00325,Product_325,Pedicure,"203,24",SRC_150
P00326,Product_326,,abc,SRC_224
P00327,Product_327,Tools,156,SRC_85
P00328,Product_328,,abc,SRC_129
P00329,Product_329,,"169,57",SRC_226
P00330,Product_330,,abc,SRC_88
P00331,Product_331,Pedicure,"76,82",SRC_250
P00332,Product_332,Tools,51,SRC_183
P00333,Product_333,,abc,SRC_116
P00334,Product_334,,274,SRC_56
P00335,Product_335,,abc,SRC_184
P00336,Product_336,Tools,abc,SRC_249
P00337,Product_337,Manicure,296,SRC_192
P00338,Product_338,,abc,SRC_14
P00339,Product_339,Manicure,119,SRC_125
P00340,Product_340,,abc,SRC_51
P00341,Product_341,,abc,SRC_242
P00342,Product_342,,abc,SRC_22
P00343,Product_343,,"293,80",SRC_6
P00344,Product_344,Manicure,"291,91",SRC_202
P00345,Product_345,Manicure,"59,95",SRC_130
P00346,Product_346,,39,SRC_47
P00347,Product_347,Tools,260,SRC_151
P00348,Product_348,Tools,abc,SRC_180
P00349,Product_349,,abc,SRC_131
P00350,Product_350,Manicure,abc,SRC_241
P00351,Product_351,Tools,"273,88",SRC_70
P00352,Product_352,Pedicure,abc,SRC_178
P00353,Product_353,,abc,SRC_169
P00354,Product_354,Pedicure,"162,66",SRC_244
P00355,Product_355,Tools,abc,SRC_119
P00356,Product_356,Pedicure,abc,SRC_56
P00357,Product_357,Tools,130,SRC_60
P00358,Product_358,,abc,SRC_124
P00359,Product_359,,abc,SRC_202
P00360,Product_360,Pedicure,abc,SRC_219
P00361,Product_361,,abc,SRC_18
P00362,Product_362,Manicure,abc,SRC_24
P00363,Product_363,Tools,"10,60",SRC_162
P00364,Product_364,Pedicure,"271,03",SRC_241
P00365,Product_365,,145,SRC_101
P00366,Product_366,,149,SRC_39
P00367,Product_367,Manicure,97,SRC_197
P00368,Product_368,Pedicure,abc,SRC_169
P00369,Product_369,Pedicure,88,SRC_194
P00370,Product_370,Pedicure,abc,SRC_37
P00371,Product_371,Tools,abc,SRC_189
P00372,Product_372,,abc,SRC_3
P00373,Product_373,,abc,SRC_15
P00374,Product_374,,abc,SRC_153
P00375,Product_375,Tools,abc,SRC_107
P00376,Product_376,Manicure,"103,87",SRC_67
P00377,Product_377,,abc,SRC_239
P00378,Product_378,Pedicure,"64,98",SRC_221
P00379,Product_379,,162,SRC_58
P00380,Product_380,,"29,74",SRC_162
P00381,Product_381,,"182,50",SRC_5
P00382,Product_382,Manicure,"211,25",SRC_183
P00383,Product_383,Manicure,49,SRC_67
P00384,Product_384,Manicure,abc,SRC_248
P00385,Product_385,Manicure,"163,64",SRC_53
P00386,Product_386,Tools,abc,SRC_162
P00387,Product_387,Pedicure,91,SRC_237
P00388,Product_388,Pedicure,288,SRC_113
P00389,Product_389,,41,SRC_93
P00390,Product_390,Tools,28,SRC_23
P00391,Product_391,Pedicure,59,SRC_75
P00392,Product_392,,"103,61",SRC_169
P00393,Product_393,Pedicure,"136,27",SRC_33
P00394,Product_394,,109,SRC_209
P00395,Product_395,Tools,"225,02",SRC_64
P00396,Product_396,,"289,68",SRC_93
P00397,Product_397,,abc,SRC_156
P00398,Product_398,Manicure,abc,SRC_161
P00399,Product_399,Tools,190,SRC_193
P00400,Product_400,Manicure,196,SRC_143
P00401,Product_401,,abc,SRC_95
P00402,Product_402,Tools,289,SRC_143
P00403,Product_403,,"23,55",SRC_201
P00404,Product_404,Pedicure,abc,SRC_238
P00405,Product_405,Pedicure,abc,SRC_219
P00406,Product_406,,"279,78",SRC_96
P00407,Product_407,Pedicure,219,SRC_125
P00408,Product_408,Pedicure,abc,SRC_128
P00409,Product_409,Tools,194,SRC_9
P00410,Product_410,,"87,66",SRC_195
P00411,Product_411,Manicure,abc,SRC_176
P00412,Product_412,Manicure,abc,SRC_123
P00413,Product_413,Tools,168,SRC_193
P00414,Product_414,Manicure,abc,SRC_4
P00415,Product_415,Tools,"281,01",SRC_144
P00416,Product_416,,261,SRC_65
P00417,Product_417,,118,SRC_137
P00418,Product_418,,109,SRC_202
P00419,Product_419,Tools,"208,97",SRC_240
P00420,Product_420,Pedicure,237,SRC_71
P00421,Product_421,,111,SRC_148
P00422,Product_422,Pedicure,"89,88",SRC_129
P00423,Product_423,Manicure,"48,44",SRC_56
P00424,Product_424,,abc,SRC_128
P00425,Product_425,Pedicure,35,SRC_247
P00426,Product_426,Pedicure,"69,76",SRC_82
P00427,Product_427,Manicure,76,SRC_7
P00428,Product_428,,298,SRC_42
P00429,Product_429,,abc,SRC_125
P00430,Product_430,,"130,52",SRC_147
P00431,Product_431,,abc,SRC_143
P00432,Product_432,Manicure,162,SRC_185
P00433,Product_433,Pedicure,"209,55",SRC_158
P00434,Product_434,,abc,SRC_116
P00435,Product_435,Tools,abc,SRC_224
P00436,Product_436,Tools,"241,14",SRC_205
P00437,Product_437,,144,SRC_246
P00438,Product_438,,"209,08",SRC_217
P00439,Product_439,,183,SRC_65
P00440,Product_440,,"254,61",SRC_113
P00441,Product_441,Pedicure,abc,SRC_71
P00442,Product_442,,199,SRC_232
P00443,Product_443,Manicure,abc,SRC_121
P00444,Product_444,Tools,"201,63",SRC_33
P00445,Product_445,Pedicure,"30,81",SRC_83
P00446,Product_446,,156,SRC_190
P00447,Product_447,Manicure,204,SRC_141
P00448,Product_448,Tools,abc,SRC_146
P00449,Product_449,Manicure,"124,35",SRC_75
P00450,Product_450,,"74,84",SRC_35
P00451,Product_451,Pedicure,38,SRC_87
P00452,Product_452,Pedicure,abc,SRC_95
P00453,Product_453,,"251,40",SRC_147
P00454,Product_454,,abc,SRC_181
P00455,Product_455,Manicure,278,SRC_144
P00456,Product_456,,abc,SRC_167
P00457,Product_457,,"84,99",SRC_120
P00458,Product_458,,250,SRC_57
P00459,Product_459,,136,SRC_217
P00460,Product_460,,abc,SRC_146
P00461,Product_461,,"267,41",SRC_203
P00462,Product_462,Manicure,abc,SRC_12
P00463,Product_463,,"81,76",SRC_242
P00464,Product_464,,"23,87",SRC_238
P00465,Product_465,,abc,SRC_244
P00466,Product_466,Pedicure,85,SRC_133
P00467,Product_467,Pedicure,"186,37",SRC_5
P00468,Product_468,Tools,abc,SRC_90
P00469,Product_469,,44,SRC_114
P00470,Product_470,Tools,abc,SRC_243
P00471,Product_471,,abc,SRC_24
P00472,Product_472,,abc,SRC_172
P00473,Product_473,,263,SRC_183
P00474,Product_474,Tools,"112,88",SRC_94
P00475,Product_475,Pedicure,"210,43",SRC_112
P00476,Product_476,,"121,79",SRC_197
P00477,Product_477,,"22,44",SRC_219
P00478,Product_478,Manicure,222,SRC_47
P00479,Product_479,Manicure,64,SRC_100
P00480,Product_480,,"134,70",SRC_212
P00481,Product_481,Pedicure,"257,66",SRC_116
P00482,Product_482,,"295,98",SRC_74
P00483,Product_483,,"97,39",SRC_122
P00484,Product_484,Manicure,11,SRC_177
P00485,Product_485,Pedicure,280,SRC_136
P00486,Product_486,Pedicure,296,SRC_175
P00487,Product_487,,"114,54",SRC_109
P00488,Product_488,,284,SRC_109
P00489,Product_489,Tools,214,SRC_124
P00490,Product_490,Tools,192,SRC_201
P00491,Product_491,Pedicure,"177,37",SRC_82
P00492,Product_492,,76,SRC_4
P00493,Product_493,Tools,abc,SRC_212
P00494,Product_494,,"267,70",SRC_161
P00495,Product_495,,280,SRC_39
P00496,Product_496,Pedicure,267,SRC_194
P00497,Product_497,Tools,"251,80",SRC_135
P00498,Product_498,Manicure,"88,36",SRC_204
P00499,Product_499,Tools,40,SRC_189
P00500,Product_500,Tools,217,SRC_4
P00501,Product_501,,"70,54",SRC_88
P00502,Product_502,Tools,"205,55",SRC_166
P00503,Product_503,Tools,151,SRC_170
P00504,Product_504,Tools,31,SRC_86
P00505,Product_505,,abc,SRC_36
P00506,Product_506,Pedicure,abc,SRC_160
P00507,Product_507,Manicure,abc,SRC_62
P00508,Product_508,Tools,abc,SRC_179
P00509,Product_509,,abc,SRC_101
P00510,Product_510,Pedicure,216,SRC_125
P00511,Product_511,Pedicure,195,SRC_198
P00512,Product_512,,abc,SRC_187
P00513,Product_513,Pedicure,43,SRC_224
P00514,Product_514,Pedicure,218,SRC_180
P00515,Product_515,Pedicure,abc,SRC_9
P00516,Product_516,Tools,"192,27",SRC_70
P00517,Product_517,,223,SRC_162
P00518,Product_518,Pedicure,"171,13",SRC_176
P00519,Product_519,,"202,14",SRC_145
P00520,Product_520,,"267,57",SRC_128
P00521,Product_521,Manicure,213,SRC_246
P00522,Product_522,,"297,13",SRC_59
P00523,Product_523,,abc,SRC_47
P00524,Product_524,,"59,46",SRC_98
P00525,Product_525,Tools,219,SRC_40
P00526,Product_526,Tools,"234,29",SRC_222
P00527,Product_527,Tools,"122,53",SRC_113
P00528,Product_528,,"266,57",SRC_198
P00529,Product_529,Pedicure,168,SRC_72
P00530,Product_530,Tools,abc,SRC_145
P00531,Product_531,,"241,15",SRC_167
P00532,Product_532,Pedicure,182,SRC_25
P00533,Product_533,,98,SRC_241
P00534,Product_534,Manicure,139,SRC_23
P00535,Product_535,,145,SRC_197
P00536,Product_536,Manicure,230,SRC_73
P00537,Product_537,Tools,abc,SRC_232
P00538,Product_538,,198,SRC_23
P00539,Product_539,,abc,SRC_12
P00540,Product_540,Tools,"269,62",SRC_6
P00541,Product_541,,108,SRC_64
P00542,Product_542,,94,SRC_231
P00543,Product_543,Pedicure,"253,85",SRC_181
P00544,Product_544,,71,SRC_112
P00545,Product_545,Tools,97,SRC_178
P00546,Product_546,Manicure,107,SRC_40
P00547,Product_547,Tools,"190,43",SRC_143
P00548,Product_548,Pedicure,"83,55",SRC_54
P00549,Product_549,,194,SRC_19
P00550,Product_550,Manicure,abc,SRC_93
P00551,Product_551,Pedicure,13,SRC_103
P00552,Product_552,,abc,SRC_232
P00553,Product_553,Tools,16,SRC_41
P00554,Product_554,,"46,19",SRC_53
P00555,Product_555,Tools,abc,SRC_159
P00556,Product_556,Pedicure,abc,SRC_201
P00557,Product_557,Pedicure,"87,52",SRC_116
P00558,Product_558,Pedicure,"134,19",SRC_115
P00559,Product_559,,159,SRC_226
P00560,Product_560,,"181,64",SRC_149
P00561,Product_561,Tools,abc,SRC_181
P00562,Product_562,,abc,SRC_75
P00563,Product_563,Tools,113,SRC_126
P00564,Product_564,Tools,216,SRC_130
P00565,Product_565,Tools,"12,87",SRC_104
P00566,Product_566,,"234,82",SRC_196
P00567,Product_567,Pedicure,48,SRC_32
P00568,Product_568,Pedicure,abc,SRC_4
P00569,Product_569,Tools,"134,38",SRC_142
P00570,Product_570,,"123,24",SRC_168
P00571,Product_571,Tools,"59,65",SRC_102
P00572,Product_572,,"153,69",SRC_64
P00573,Product_573,,"79,68",SRC_224
P00574,Product_574,,abc,SRC_189
P00575,Product_575,,"197,24",SRC_91
P00576,Product_576,Tools,abc,SRC_233
P00577,Product_577,Manicure,135,SRC_208
P00578,Product_578,Manicure,"172,74",SRC_173
P00579,Product_579,,266,SRC_217
P00580,Product_580,Pedicure,204,SRC_16
P00581,Product_581,Tools,82,SRC_234
P00582,Product_582,Pedicure,abc,SRC_164
P00583,Product_583,,"77,18",SRC_164
P00584,Product_584,,"84,54",SRC_87
P00585,Product_585,Manicure,"222,16",SRC_136
P00586,Product_586,Tools,175,SRC_217
P00587,Product_587,,19,SRC_35
P00588,Product_588,,abc,SRC_157
P00589,Product_589,,abc,SRC_102
P00590,Product_590,,"201,06",SRC_108
P00591,Product_591,,abc,SRC_239
P00592,Product_592,Pedicure,31,SRC_245
P00593,Product_593,Pedicure,abc,SRC_176
P00594,Product_594,,abc,SRC_5
P00595,Product_595,Pedicure,"15,77",SRC_234
P00596,Product_596,Manicure,"184,94",SRC_102
P00597,Product_597,Manicure,abc,SRC_240
P00598,Product_598,Tools,272,SRC_229
P00599,Product_599,,abc,SRC_158
P00600,Product_600,Pedicure,96,SRC_59
P00601,Product_601,,"70,42",SRC_153
P00602,Product_602,Pedicure,abc,SRC_174
P00603,Product_603,Pedicure,"177,32",SRC_76
P00604,Product_604,,161,SRC_198
P00605,Product_605,Tools,abc,SRC_138
P00606,Product_606,,147,SRC_140
P00607,Product_607,Manicure,abc,SRC_70
P00608,Product_608,,abc,SRC_214
P00609,Product_609,,189,SRC_164
P00610,Product_610,Tools,abc,SRC_63
P00611,Product_611,,"262,46",SRC_224
P00612,Product_612,,abc,SRC_49
P00613,Product_613,Manicure,abc,SRC_225
P00614,Product_614,Manicure,abc,SRC_181
P00615,Product_615,,"11,36",SRC_61
P00616,Product_616,Manicure,abc,SRC_108
P00617,Product_617,Tools,"19,14",SRC_80
P00618,Product_618,,"25,11",SRC_84
P00619,Product_619,Pedicure,"13,55",SRC_208
P00620,Product_620,,"37,87",SRC_20
P00621,Product_621,,207,SRC_215
P00622,Product_622,Pedicure,"128,14",SRC_75
P00623,Product_623,Manicure,"291,19",SRC_2
P00624,Product_624,Manicure,"253,10",SRC_155
P00625,Product_625,,abc,SRC_65
P00626,Product_626,Manicure,abc,SRC_171
P00627,Product_627,,"195,03",SRC_154
P00628,Product_628,Manicure,180,SRC_198
P00629,Product_629,,"129,81",SRC_206
P00630,Product_630,,"125,46",SRC_121
P00631,Product_631,,103,SRC_29
P00632,Product_632,Pedicure,abc,SRC_201
P00633,Product_633,,37,SRC_107
P00634,Product_634,Tools,96,SRC_149
P00635,Product_635,Pedicure,238,SRC_114
P00636,Product_636,Tools,abc,SRC_12
P00637,Product_637,Tools,265,SRC_50
P00638,Product_638,Pedicure,abc,SRC_160
P00639,Product_639,,"262,88",SRC_101
P00640,Product_640,Manicure,abc,SRC_160
P00641,Product_641,,"69,51",SRC_26
P00642,Product_642,,"64,40",SRC_18
P00643,Product_643,Tools,"93,92",SRC_41
P00644,Product_644,Tools,196,SRC_248
P00645,Product_645,,abc,SRC_240
P00646,Product_646,Pedicure,abc,SRC_68
P00647,Product_647,Manicure,219,SRC_153
P00648,Product_648,Tools,abc,SRC_91
P00649,Product_649,,"12,24",SRC_229
P00650,Product_650,Manicure,"56,63",SRC_119
P00651,Product_651,Manicure,abc,SRC_225
P00652,Product_652,Manicure,74,SRC_55
P00653,Product_653,,abc,SRC_213
P00654,Product_654,Manicure,"242,20",SRC_247
P00655,Product_655,Tools,204,SRC_245
P00656,Product_656,,"142,01",SRC_146
P00657,Product_657,Manicure,76,SRC_186
P00658,Product_658,Manicure,86,SRC_20
P00659,Product_659,Manicure,115,SRC_196
P00660,Product_660,Pedicure,"165,84",SRC_65
P00661,Product_661,,212,SRC_37
P00662,Product_662,Tools,"280,18",SRC_244
P00663,Product_663,Manicure,abc,SRC_19
P00664,Product_664,Manicure,143,SRC_15
P00665,Product_665,Pedicure,"275,76",SRC_161
P00666,Product_666,Tools,abc,SRC_109
P00667,Product_667,,43,SRC_74
P00668,Product_668,,"141,41",SRC_26
P00669,Product_669,,"148,74",SRC_111
P00670,Product_670,Manicure,"175,82",SRC_25
P00671,Product_671,Pedicure,"253,83",SRC_165
P00672,Product_672,Tools,abc,SRC_27
P00673,Product_673,Manicure,abc,SRC_124
P00674,Product_674,,174,SRC_192
P00675,Product_675,,abc,SRC_59
P00676,Product_676,Manicure,abc,SRC_220
P00677,Product_677,Tools,166,SRC_62
P00678,Product_678,Pedicure,124,SRC_168
P00679,Product_679,,abc,SRC_123
P00680,Product_680,Manicure,abc,SRC_198
P00681,Product_681,Tools,"89,46",SRC_171
P00682,Product_682,,"173,06",SRC_204
P00683,Product_683,,"119,60",SRC_234
P00684,Product_684,Manicure,abc,SRC_147
P00685,Product_685,,abc,SRC_159
P00686,Product_686,Tools,20,SRC_186
P00687,Product_687,Tools,189,SRC_236
P00688,Product_688,,abc,SRC_69
P00689,Product_689,,abc,SRC_13
P00690,Product_690,,98,SRC_20
P00691,Product_691,,187,SRC_10
P00692,Product_692,,abc,SRC_166
P00693,Product_693,,abc,SRC_191
P00694,Product_694,Manicure,"211,64",SRC_196
P00695,Product_695,Manicure,70,SRC_240
P00696,Product_696,,abc,SRC_39
P00697,Product_697,Pedicure,"117,30",SRC_85
P00698,Product_698,,80,SRC_1
P00699,Product_699,Pedicure,"275,44",SRC_109
P00700,Product_700,Pedicure,69,SRC_24
P00701,Product_701,Pedicure,abc,SRC_182
P00702,Product_702,,113,SRC_167
P00703,Product_703,,260,SRC_47
P00704,Product_704,Manicure,"168,92",SRC_156
P00705,Product_705,Tools,abc,SRC_62
P00706,Product_706,,abc,SRC_131
P00707,Product_707,,"43,79",SRC_88
P00708,Product_708,Manicure,abc,SRC_246
P00709,Product_709,Tools,abc,SRC_94
P00710,Product_710,Tools,abc,SRC_205
P00711,Product_711,,abc,SRC_201
P00712,Product_712,Pedicure,abc,SRC_90
P00713,Product_713,,abc,SRC_161
P00714,Product_714,Manicure,"226,87",SRC_150
P00715,Product_715,Pedicure,"53,30",SRC_27
P00716,Product_716,Manicure,"132,83",SRC_28
P00717,Product_717,Manicure,106,SRC_243
P00718,Product_718,Manicure,abc,SRC_72
P00719,Product_719,,"157,91",SRC_55
P00720,Product_720,Pedicure,"74,23",SRC_233
P00721,Product_721,Manicure,abc,SRC_193
P00722,Product_722,Tools,"252,07",SRC_150
P00723,Product_723,Manicure,abc,SRC_250
P00724,Product_724,Tools,"297,56",SRC_123
P00725,Product_725,,"96,15",SRC_109
P00726,Product_726,,abc,SRC_14
P00727,Product_727,,117,SRC_18
P00728,Product_728,Tools,"64,79",SRC_237
P00729,Product_729,,abc,SRC_154
P00730,Product_730,,abc,SRC_1
P00731,Product_731,Pedicure,abc,SRC_113
P00732,Product_732,Pedicure,"288,15",SRC_204
P00733,Product_733,Pedicure,abc,SRC_69
P00734,Product_734,,197,SRC_79
P00735,Product_735,Manicure,"235,62",SRC_83
P00736,Product_736,Pedicure,abc,SRC_34
P00737,Product_737,Pedicure,abc,SRC_32
P00738,Product_738,,"24,85",SRC_145
P00739,Product_739,Pedicure,"274,41",SRC_187
P00740,Product_740,,abc,SRC_250
P00741,Product_741,,273,SRC_189
P00742,Product_742,Tools,45,SRC_110
P00743,Product_743,Tools,"61,41",SRC_191
P00744,Product_744,Manicure,18,SRC_106
P00745,Product_745,,"262,07",SRC_196
P00746,Product_746,Pedicure,abc,SRC_111
P00747,Product_747,Manicure,180,SRC_191
P00748,Product_748,Pedicure,135,SRC_53
P00749,Product_749,Manicure,"107,32",SRC_125
P00750,Product_750,,"49,59",SRC_125
P00751,Product_751,,"118,03",SRC_208
P00752,Product_752,,17,SRC_236
P00753,Product_753,Tools,33,SRC_37
P00754,Product_754,Manicure,148,SRC_250
P00755,Product_755,Tools,abc,SRC_70
P00756,Product_756,,194,SRC_16
P00757,Product_757,,22,SRC_184
P00758,Product_758,Pedicure,"206,56",SRC_7
P00759,Product_759,,abc,SRC_89
P00760,Product_760,,"290,84",SRC_81
P00761,Product_761,Tools,abc,SRC_155
P00762,Product_762,,144,SRC_83
P00763,Product_763,,abc,SRC_179
P00764,Product_764,,238,SRC_76
P00765,Product_765,Pedicure,"27,40",SRC_238
P00766,Product_766,Tools,176,SRC_124
P00767,Product_767,Tools,"14,72",SRC_30
P00768,Product_768,,"265,40",SRC_237
P00769,Product_769,Manicure,abc,SRC_21
P00770,Product_770,Tools,"27,44",SRC_100
P00771,Product_771,,46,SRC_201
P00772,Product_772,Tools,abc,SRC_66
P00773,Product_773,Manicure,30,SRC_10
P00774,Product_774,Manicure,221,SRC_218
P00775,Product_775,Tools,246,SRC_136
P00776,Product_776,Pedicure,284,SRC_90
P00777,Product_777,Pedicure,19,SRC_230
P00778,Product_778,,212,SRC_35
P00779,Product_779,Tools,"237,54",SRC_248
P00780,Product_780,Pedicure,abc,SRC_85
P00781,Product_781,Manicure,"55,64",SRC_171
P00782,Product_782,Manicure,abc,SRC_169
P00783,Product_783,Tools,70,SRC_145
P00784,Product_784,Tools,"21,39",SRC_87
P00785,Product_785,Manicure,264,SRC_19
P00786,Product_786,,abc,SRC_170
P00787,Product_787,,abc,SRC_11
P00788,Product_788,Pedicure,"90,89",SRC_150
P00789,Product_789,,"215,60",SRC_93
P00790,Product_790,Tools,abc,SRC_66
P00791,Product_791,Tools,224,SRC_94
P00792,Product_792,,"102,32",SRC_242
P00793,Product_793,,"126,23",SRC_222
P00794,Product_794,Manicure,75,SRC_242
P00795,Product_795,Tools,abc,SRC_118
P00796,Product_796,Tools,146,SRC_249
P00797,Product_797,,abc,SRC_170
P00798,Product_798,Tools,288,SRC_230
P00799,Product_799,,abc,SRC_192
P00800,Product_800,Tools,267,SRC_144
P00801,Product_801,Manicure,134,SRC_102
P00802,Product_802,,"224,32",SRC_116
P00803,Product_803,,137,SRC_220
P00804,Product_804,Pedicure,"189,14",SRC_219
P00805,Product_805,,"242,15",SRC_217
P00806,Product_806,,236,SRC_207
P00807,Product_807,,"231,54",SRC_178
P00808,Product_808,,abc,SRC_49
P00809,Product_809,Tools,"93,48",SRC_88
P00810,Product_810,,239,SRC_222
P00811,Product_811,,281,SRC_108
P00812,Product_812,,"173,73",SRC_161
P00813,Product_813,Tools,abc,SRC_152
P00814,Product_814,,165,SRC_201
P00815,Product_815,,66,SRC_9
P00816,Product_816,Tools,"240,59",SRC_249
P00817,Product_817,Tools,53,SRC_95
P00818,Product_818,Tools,"141,79",SRC_164
P00819,Product_819,,244,SRC_34
P00820,Product_820,Tools,120,SRC_67
P00821,Product_821,Tools,192,SRC_188
P00822,Product_822,Tools,"252,49",SRC_62
P00823,Product_823,Tools,abc,SRC_232
P00824,Product_824,Tools,"23,72",SRC_200
P00825,Product_825,Manicure,abc,SRC_121
P00826,Product_826,Pedicure,83,SRC_100
P00827,Product_827,,abc,SRC_128
P00828,Product_828,Manicure,"294,74",SRC_189
P00829,Product_829,,130,SRC_237
P00830,Product_830,,105,SRC_112
P00831,Product_831,Tools,abc,SRC_232
P00832,Product_832,,"156,25",SRC_15
P00833,Product_833,,231,SRC_58
P00834,Product_834,,abc,SRC_135
P00835,Product_835,Tools,"81,35",SRC_108
P00836,Product_836,Tools,67,SRC_50
P00837,Product_837,,"180,02",SRC_88
P00838,Product_838,,"100,44",SRC_100
P00839,Product_839,,abc,SRC_122
P00840,Product_840,,"41,61",SRC_54
P00841,Product_841,Manicure,"254,85",SRC_135
P00842,Product_842,Manicure,abc,SRC_149
P00843,Product_843,Manicure,255,SRC_60
P00844,Product_844,Pedicure,99,SRC_160
P00845,Product_845,Tools,"60,70",SRC_179
P00846,Product_846,,"190,78",SRC_166
P00847,Product_847,Pedicure,"163,53",SRC_64
P00848,Product_848,Manicure,abc,SRC_119
P00849,Product_849,,232,SRC_152
P00850,Product_850,Tools,"59,10",SRC_208
P00851,Product_851,Pedicure,40,SRC_155
P00852,Product_852,,abc,SRC_149
P00853,Product_853,Tools,"88,27",SRC_143
P00854,Product_854,Pedicure,"256,45",SRC_136
P00855,Product_855,,134,SRC_185
P00856,Product_856,,abc,SRC_200
P00857,Product_857,Tools,"37,94",SRC_209
P00858,Product_858,Pedicure,abc,SRC_203
P00859,Product_859,Manicure,"242,73",SRC_103
P00860,Product_860,Pedicure,178,SRC_51
P00861,Product_861,Pedicure,84,SRC_221
P00862,Product_862,Tools,"271,31",SRC_102
P00863,Product_863,,abc,SRC_227
P00864,Product_864,Pedicure,abc,SRC_214
P00865,Product_865,Tools,279,SRC_114
P00866,Product_866,Pedicure,255,SRC_128
P00867,Product_867,,"206,78",SRC_76
P00868,Product_868,Manicure,abc,SRC_97
P00869,Product_869,,abc,SRC_73
P00870,Product_870,Manicure,"172,62",SRC_171
P00871,Product_871,,19,SRC_6
P00872,Product_872,Tools,14,SRC_207
P00873,Product_873,Manicure,abc,SRC_199
P00874,Product_874,Tools,137,SRC_15
P00875,Product_875,Pedicure,abc,SRC_237
P00876,Product_876,Manicure,"159,79",SRC_205
P00877,Product_877,Tools,abc,SRC_54
P00878,Product_878,Tools,"117,08",SRC_226
P00879,Product_879,Manicure,164,SRC_102
P00880,Product_880,,122,SRC_15
P00881,Product_881,Manicure,246,SRC_146
P00882,Product_882,Pedicure,194,SRC_244
P00883,Product_883,Manicure,"265,29",SRC_242
P00884,Product_884,Manicure,"237,27",SRC_61
P00885,Product_885,,"256,81",SRC_216
P00886,Product_886,Manicure,abc,SRC_44
P00887,Product_887,,abc,SRC_219
P00888,Product_888,Pedicure,"91,92",SRC_1
P00889,Product_889,,278,SRC_86
P00890,Product_890,Tools,"228,51",SRC_235
P00891,Product_891,Tools,137,SRC_139
P00892,Product_892,Manicure,"151,60",SRC_213
P00893,Product_893,,165,SRC_14
P00894,Product_894,Manicure,"171,95",SRC_182
P00895,Product_895,Manicure,"177,78",SRC_213
P00896,Product_896,Pedicure,abc,SRC_221
P00897,Product_897,Tools,233,SRC_13
P00898,Product_898,Tools,180,SRC_39
P00899,Product_899,Tools,14,SRC_44
P00900,Product_900,Pedicure,"168,51",SRC_100
P00901,Product_901,,266,SRC_194
P00902,Product_902,Manicure,"261,43",SRC_190
P00903,Product_903,,"91,63",SRC_204
P00904,Product_904,Manicure,"163,71",SRC_98
P00905,Product_905,Manicure,"198,71",SRC_146
P00906,Product_906,,"179,45",SRC_143
P00907,Product_907,Pedicure,290,SRC_218
P00908,Product_908,Tools,abc,SRC_75
P00909,Product_909,Manicure,abc,SRC_250
P00910,Product_910,Tools,217,SRC_203
P00911,Product_911,Manicure,abc,SRC_89
P00912,Product_912,Manicure,"43,42",SRC_113
P00913,Product_913,,100,SRC_131
P00914,Product_914,Tools,"237,05",SRC_66
P00915,Product_915,Manicure,abc,SRC_130
P00916,Product_916,Manicure,12,SRC_250
P00917,Product_917,,abc,SRC_3
P00918,Product_918,Manicure,49,SRC_57
P00919,Product_919,,"194,73",SRC_172
P00920,Product_920,Pedicure,abc,SRC_27
P00921,Product_921,Manicure,72,SRC_201
P00922,Product_922,Manicure,24,SRC_111
P00923,Product_923,Manicure,244,SRC_194
P00924,Product_924,Manicure,12,SRC_234
P00925,Product_925,,abc,SRC_73
P00926,Product_926,Tools,"195,58",SRC_136
P00927,Product_927,,33,SRC_110
P00928,Product_928,,abc,SRC_186
P00929,Product_929,Pedicure,129,SRC_151
P00930,Product_930,Manicure,abc,SRC_152
P00931,Product_931,Pedicure,91,SRC_244
P00932,Product_932,Pedicure,abc,SRC_57
P00933,Product_933,Pedicure,abc,SRC_14
P00934,Product_934,,33,SRC_152
P00935,Product_935,,abc,SRC_225
P00936,Product_936,,"283,69",SRC_46
P00937,Product_937,Pedicure,"185,96",SRC_16
P00938,Product_938,,abc,SRC_4
P00939,Product_939,,86,SRC_126
P00940,Product_940,Manicure,abc,SRC_13
P00941,Product_941,,"133,58",SRC_231
P00942,Product_942,Tools,abc,SRC_28
P00943,Product_943,Tools,234,SRC_193
P00944,Product_944,Manicure,"233,90",SRC_147
P00945,Product_945,,abc,SRC_50
P00946,Product_946,,"37,16",SRC_221
P00947,Product_947,,"272,62",SRC_208
P00948,Product_948,Manicure,177,SRC_93
P00949,Product_949,Manicure,abc,SRC_69
P00950,Product_950,Manicure,"234,71",SRC_211
P00951,Product_951,,"264,12",SRC_163
P00952,Product_952,Tools,"70,96",SRC_164
P00953,Product_953,Manicure,abc,SRC_75
P00954,Product_954,,"157,30",SRC_245
P00955,Product_955,Manicure,"12,35",SRC_58
P00956,Product_956,Tools,abc,SRC_179
P00957,Product_957,,abc,SRC_221
P00958,Product_958,Pedicure,12,SRC_73
P00959,Product_959,,abc,SRC_142
P00960,Product_960,Pedicure,"39,33",SRC_33
P00961,Product_961,,"281,73",SRC_218
P00962,Product_962,,"227,33",SRC_49
P00963,Product_963,Manicure,"34,41",SRC_230
P00964,Product_964,,261,SRC_77
P00965,Product_965,,"117,69",SRC_139
P00966,Product_966,Tools,"102,62",SRC_98
P00967,Product_967,Pedicure,266,SRC_201
P00968,Product_968,Manicure,186,SRC_58
P00969,Product_969,Pedicure,abc,SRC_93
P00970,Product_970,Manicure,"173,47",SRC_49
P00971,Product_971,Tools,"90,32",SRC_24
P00972,Product_972,,abc,SRC_195
P00973,Product_973,Tools,"16,92",SRC_54
P00974,Product_974,,"71,67",SRC_132
P00975,Product_975,Manicure,57,SRC_27
P00976,Product_976,Pedicure,11,SRC_67
P00977,Product_977,Manicure,"150,94",SRC_85
P00978,Product_978,,88,SRC_105
P00979,Product_979,,abc,SRC_147
P00980,Product_980,,abc,SRC_120
P00981,Product_981,,"113,05",SRC_173
P00982,Product_982,Tools,34,SRC_14
P00983,Product_983,Tools,"221,25",SRC_113
P00984,Product_984,Manicure,"86,38",SRC_123
P00985,Product_985,Pedicure,"162,78",SRC_166
P00986,Product_986,Tools,"284,08",SRC_229
P00987,Product_987,,"209,74",SRC_111
P00988,Product_988,Tools,abc,SRC_178
P00989,Product_989,Pedicure,abc,SRC_248
P00990,Product_990,Tools,abc,SRC_195
P00991,Product_991,Manicure,abc,SRC_82
P00992,Product_992,Manicure,abc,SRC_238
P00993,Product_993,Manicure,abc,SRC_123
P00994,Product_994,,"126,30",SRC_51
P00995,Product_995,Manicure,"153,19",SRC_209
P00996,Product_996,Pedicure,"275,67",SRC_170
P00997,Product_997,,84,SRC_7
P00998,Product_998,,18,SRC_2
P00999,Product_999,Manicure,289,SRC_238
P01000,Product_1000,,165,SRC_11
P01001,Product_1001,,abc,SRC_42
P01002,Product_1002,,abc,SRC_108
P01003,Product_1003,,"113,52",SRC_92
P01004,Product_1004,Pedicure,"258,24",SRC_216
P01005,Product_1005,,"279,18",SRC_227
P01006,Product_1006,Manicure,"298,58",SRC_156
P01007,Product_1007,,160,SRC_128
P01008,Product_1008,Manicure,abc,SRC_178
P01009,Product_1009,,abc,SRC_130
P01010,Product_1010,,abc,SRC_240
P01011,Product_1011,Pedicure,44,SRC_140
P01012,Product_1012,,17,SRC_199
P01013,Product_1013,,"268,87",SRC_225
P01014,Product_1014,Pedicure,34,SRC_187
P01015,Product_1015,Pedicure,abc,SRC_69
P01016,Product_1016,,21,SRC_140
P01017,Product_1017,Manicure,"240,76",SRC_162
P01018,Product_1018,Tools,abc,SRC_114
P01019,Product_1019,Manicure,abc,SRC_16
P01020,Product_1020,,abc,SRC_2
P01021,Product_1021,,142,SRC_233
P01022,Product_1022,,32,SRC_230
P01023,Product_1023,,140,SRC_231
P01024,Product_1024,Tools,abc,SRC_163
P01025,Product_1025,Pedicure,"208,07",SRC_56
P01026,Product_1026,Manicure,25,SRC_181
P01027,Product_1027,,38,SRC_237
P01028,Product_1028,,"253,81",SRC_164
P01029,Product_1029,Manicure,"281,63",SRC_216
P01030,Product_1030,Pedicure,abc,SRC_199
P01031,Product_1031,Tools,"133,56",SRC_108
P01032,Product_1032,,21,SRC_230
P01033,Product_1033,Manicure,abc,SRC_244
P01034,Product_1034,Manicure,"130,80",SRC_183
P01035,Product_1035,Manicure,71,SRC_172
P01036,Product_1036,Tools,148,SRC_153
P01037,Product_1037,,"151,92",SRC_51
P01038,Product_1038,Manicure,91,SRC_58
P01039,Product_1039,Manicure,254,SRC_112
P01040,Product_1040,Pedicure,"26,67",SRC_236
P01041,Product_1041,,215,SRC_230
P01042,Product_1042,Manicure,236,SRC_76
P01043,Product_1043,,abc,SRC_158
P01044,Product_1044,,172,SRC_88
P01045,Product_1045,Pedicure,"171,43",SRC_68
P01046,Product_1046,Tools,215,SRC_45
P01047,Product_1047,,38,SRC_42
P01048,Product_1048,Pedicure,"225,60",SRC_111
P01049,Product_1049,Manicure,"60,40",SRC_59
P01050,Product_1050,,abc,SRC_105
P01051,Product_1051,,abc,SRC_35
P01052,Product_1052,Pedicure,278,SRC_36
P01053,Product_1053,Pedicure,139,SRC_167
P01054,Product_1054,,298,SRC_229
P01055,Product_1055,,126,SRC_103
P01056,Product_1056,Tools,"264,34",SRC_144
P01057,Product_1057,Tools,abc,SRC_79
P01058,Product_1058,,84,SRC_60
P01059,Product_1059,Tools,"12,82",SRC_14
P01060,Product_1060,Manicure,221,SRC_219
P01061,Product_1061,,"28,74",SRC_73
P01062,Product_1062,,"28,72",SRC_13
P01063,Product_1063,,210,SRC_214
P01064,Product_1064,,183,SRC_240
P01065,Product_1065,Pedicure,59,SRC_227
P01066,Product_1066,,abc,SRC_189
P01067,Product_1067,,"162,97",SRC_234
P01068,Product_1068,Tools,76,SRC_171
P01069,Product_1069,,"269,58",SRC_128
P01070,Product_1070,Pedicure,220,SRC_96
P01071,Product_1071,,"64,05",SRC_161
P01072,Product_1072,,"216,96",SRC_209
P01073,Product_1073,,"57,27",SRC_164
P01074,Product_1074,Pedicure,21,SRC_70
P01075,Product_1075,Pedicure,225,SRC_63
P01076,Product_1076,Tools,221,SRC_36
P01077,Product_1077,,"192,07",SRC_73
P01078,Product_1078,,"261,86",SRC_21
P01079,Product_1079,,270,SRC_180
P01080,Product_1080,,abc,SRC_185
P01081,Product_1081,,297,SRC_237
P01082,Product_1082,Tools,"298,94",SRC_67
P01083,Product_1083,Manicure,abc,SRC_189
P01084,Product_1084,Pedicure,60,SRC_237
P01085,Product_1085,Tools,abc,SRC_248
P01086,Product_1086,Pedicure,152,SRC_165
P01087,Product_1087,Tools,abc,SRC_180
P01088,Product_1088,Tools,abc,SRC_110
P01089,Product_1089,,37,SRC_220
P01090,Product_1090,,abc,SRC_163
P01091,Product_1091,,"150,79",SRC_202
P01092,Product_1092,,"118,84",SRC_145
P01093,Product_1093,Manicure,"219,57",SRC_9
P01094,Product_1094,,159,SRC_45
P01095,Product_1095,,"270,21",SRC_98
P01096,Product_1096,Tools,abc,SRC_33
P01097,Product_1097,,abc,SRC_121
P01098,Product_1098,Manicure,abc,SRC_19
P01099,Product_1099,Manicure,196,SRC_145
P01100,Product_1100,,abc,SRC_191
P01101,Product_1101,Tools,189,SRC_90
P01102,Product_1102,Manicure,124,SRC_53
P01103,Product_1103,Tools,abc,SRC_7
P01104,Product_1104,,"20,53",SRC_241
P01105,Product_1105,Pedicure,"178,78",SRC_83
P01106,Product_1106,,147,SRC_159
P01107,Product_1107,Manicure,"251,26",SRC_134
P01108,Product_1108,Pedicure,"47,81",SRC_47
P01109,Product_1109,,"167,81",SRC_249
P01110,Product_1110,,141,SRC_197
P01111,Product_1111,,121,SRC_163
P01112,Product_1112,,39,SRC_220
P01113,Product_1113,Manicure,abc,SRC_185
P01114,Product_1114,Manicure,abc,SRC_56
P01115,Product_1115,Pedicure,101,SRC_183
P01116,Product_1116,Pedicure,181,SRC_40
P01117,Product_1117,Manicure,"263,77",SRC_66
P01118,Product_1118,,abc,SRC_203
P01119,Product_1119,Pedicure,274,SRC_127
P01120,Product_1120,Tools,abc,SRC_151
P01121,Product_1121,,abc,SRC_207
P01122,Product_1122,Manicure,195,SRC_69
P01123,Product_1123,Manicure,abc,SRC_235
P01124,Product_1124,Tools,abc,SRC_43
P01125,Product_1125,,"85,95",SRC_108
P01126,Product_1126,Tools,"63,40",SRC_124
P01127,Product_1127,Tools,"238,69",SRC_93
P01128,Product_1128,Tools,"124,24",SRC_250
P01129,Product_1129,,abc,SRC_77
P01130,Product_1130,,abc,SRC_213
P01131,Product_1131,,204,SRC_162
P01132,Product_1132,Manicure,"82,14",SRC_202
P01133,Product_1133,Manicure,280,SRC_79
P01134,Product_1134,,abc,SRC_235
P01135,Product_1135,,12,SRC_31
P01136,Product_1136,Pedicure,abc,SRC_14
P01137,Product_1137,,11,SRC_231
P01138,Product_1138,Pedicure,"263,49",SRC_187
P01139,Product_1139,,abc,SRC_223
P01140,Product_1140,,"156,86",SRC_46
P01141,Product_1141,,253,SRC_50
P01142,Product_1142,Manicure,"49,95",SRC_172
P01143,Product_1143,Tools,"115,68",SRC_220
P01144,Product_1144,Manicure,abc,SRC_50
P01145,Product_1145,Manicure,163,SRC_168
P01146,Product_1146,,299,SRC_169
P01147,Product_1147,Tools,"171,86",SRC_163
P01148,Product_1148,Tools,"113,70",SRC_248
P01149,Product_1149,,262,SRC_241
P01150,Product_1150,Manicure,abc,SRC_163
P01151,Product_1151,,abc,SRC_114
P01152,Product_1152,Manicure,abc,SRC_40
P01153,Product_1153,Tools,"55,82",SRC_241
P01154,Product_1154,Pedicure,282,SRC_116
P01155,Product_1155,Pedicure,abc,SRC_27
P01156,Product_1156,Tools,201,SRC_110
P01157,Product_1157,Manicure,abc,SRC_97
P01158,Product_1158,Manicure,"57,92",SRC_184
P01159,Product_1159,Tools,"130,34",SRC_1
P01160,Product_1160,Pedicure,200,SRC_117
P01161,Product_1161,,199,SRC_217
P01162,Product_1162,,"195,95",SRC_186
P01163,Product_1163,Pedicure,"254,61",SRC_196
P01164,Product_1164,Manicure,abc,SRC_84
P01165,Product_1165,,"20,96",SRC_63
P01166,Product_1166,Manicure,"162,54",SRC_80
P01167,Product_1167,,60,SRC_244
P01168,Product_1168,Tools,"122,59",SRC_83
P01169,Product_1169,Pedicure,abc,SRC_1
P01170,Product_1170,,"280,08",SRC_149
P01171,Product_1171,Pedicure,"41,73",SRC_91
P01172,Product_1172,Manicure,35,SRC_102
P01173,Product_1173,Manicure,"213,77",SRC_111
P01174,Product_1174,,40,SRC_31
P01175,Product_1175,Manicure,250,SRC_156
P01176,Product_1176,,155,SRC_114
P01177,Product_1177,Manicure,abc,SRC_13
P01178,Product_1178,,"246,34",SRC_221
P01179,Product_1179,Pedicure,"86,77",SRC_5
P01180,Product_1180,,274,SRC_183
P01181,Product_1181,,abc,SRC_233
P01182,Product_1182,,120,SRC_90
P01183,Product_1183,,abc,SRC_176
P01184,Product_1184,,abc,SRC_48
P01185,Product_1185,Pedicure,abc,SRC_183
P01186,Product_1186,,141,SRC_209
P01187,Product_1187,Tools,"191,02",SRC_219
P01188,Product_1188,Pedicure,abc,SRC_169
P01189,Product_1189,Manicure,205,SRC_196
P01190,Product_1190,,abc,SRC_41
P01191,Product_1191,,217,SRC_241
P01192,Product_1192,,132,SRC_21
P01193,Product_1193,,300,SRC_172
P01194,Product_1194,Pedicure,64,SRC_233
P01195,Product_1195,,130,SRC_138
P01196,Product_1196,Manicure,42,SRC_28
P01197,Product_1197,,133,SRC_207
P01198,Product_1198,,151,SRC_153
P01199,Product_1199,Manicure,166,SRC_154
P01200,Product_1200,Tools,abc,SRC_207
P01201,Product_1201,,abc,SRC_195
P01202,Product_1202,Pedicure,abc,SRC_145
P01203,Product_1203,Manicure,92,SRC_203
P01204,Product_1204,,266,SRC_246
P01205,Product_1205,Manicure,47,SRC_79
P01206,Product_1206,Manicure,abc,SRC_100
P01207,Product_1207,Manicure,abc,SRC_39
P01208,Product_1208,,11,SRC_228
P01209,Product_1209,,25,SRC_190
P01210,Product_1210,,88,SRC_174
P01211,Product_1211,Manicure,255,SRC_183
P01212,Product_1212,,"175,89",SRC_73
P01213,Product_1213,Manicure,"27,29",SRC_22
P01214,Product_1214,Tools,276,SRC_24
P01215,Product_1215,,abc,SRC_112
P01216,Product_1216,Pedicure,abc,SRC_78
P01217,Product_1217,,abc,SRC_70
P01218,Product_1218,,"187,64",SRC_93
P01219,Product_1219,Manicure,"29,10",SRC_221
P01220,Product_1220,,abc,SRC_214
P01221,Product_1221,Pedicure,abc,SRC_195
P01222,Product_1222,,abc,SRC_79
P01223,Product_1223,Pedicure,"226,64",SRC_158
P01224,Product_1224,Tools,abc,SRC_72
P01225,Product_1225,Tools,"285,23",SRC_134
P01226,Product_1226,Manicure,abc,SRC_220
P01227,Product_1227,Tools,"254,51",SRC_173
P01228,Product_1228,Tools,289,SRC_95
P01229,Product_1229,Pedicure,250,SRC_4
P01230,Product_1230,,"120,78",SRC_31
P01231,Product_1231,,"173,21",SRC_175
P01232,Product_1232,Pedicure,130,SRC_179
P01233,Product_1233,Pedicure,abc,SRC_90
P01234,Product_1234,,"231,41",SRC_142
P01235,Product_1235,Manicure,124,SRC_5
P01236,Product_1236,Manicure,abc,SRC_84
P01237,Product_1237,Tools,abc,SRC_44
P01238,Product_1238,,abc,SRC_139
P01239,Product_1239,Pedicure,105,SRC_189
P01240,Product_1240,Tools,abc,SRC_49
P01241,Product_1241,,"21,98",SRC_162
P01242,Product_1242,Tools,121,SRC_5
P01243,Product_1243,,abc,SRC_35
P01244,Product_1244,Pedicure,abc,SRC_171
P01245,Product_1245,Manicure,"219,58",SRC_17
P01246,Product_1246,Manicure,abc,SRC_241
P01247,Product_1247,,120,SRC_197
P01248,Product_1248,Manicure,254,SRC_194
P01249,Product_1249,,"288,65",SRC_189
P01250,Product_1250,,abc,SRC_151
P01251,Product_1251,,"251,01",SRC_221
P01252,Product_1252,Tools,abc,SRC_240
P01253,Product_1253,,"291,94",SRC_181
P01254,Product_1254,Pedicure,209,SRC_116
P01255,Product_1255,Tools,259,SRC_70
P01256,Product_1256,Tools,abc,SRC_84
P01257,Product_1257,,"89,21",SRC_139
P01258,Product_1258,Pedicure,218,SRC_174
P01259,Product_1259,Tools,abc,SRC_188
P01260,Product_1260,,"72,26",SRC_115
P01261,Product_1261,Manicure,"296,86",SRC_235
P01262,Product_1262,,144,SRC_20
P01263,Product_1263,Manicure,"206,84",SRC_133
P01264,Product_1264,Pedicure,"82,09",SRC_250
P01265,Product_1265,,"274,93",SRC_79
P01266,Product_1266,Pedicure,abc,SRC_127
P01267,Product_1267,Manicure,abc,SRC_49
P01268,Product_1268,Manicure,abc,SRC_245
P01269,Product_1269,,abc,SRC_149
P01270,Product_1270,,"163,09",SRC_82
P01271,Product_1271,Pedicure,abc,SRC_150
P01272,Product_1272,Manicure,275,SRC_196
P01273,Product_1273,Manicure,"278,08",SRC_118
P01274,Product_1274,Manicure,"154,76",SRC_181
P01275,Product_1275,,abc,SRC_8
P01276,Product_1276,,268,SRC_67
P01277,Product_1277,Tools,"117,62",SRC_216
P01278,Product_1278,Pedicure,263,SRC_219
P01279,Product_1279,,"118,71",SRC_184
P01280,Product_1280,,"48,87",SRC_206
P01281,Product_1281,Tools,abc,SRC_62
P01282,Product_1282,Manicure,259,SRC_246
P01283,Product_1283,,"272,91",SRC_31
P01284,Product_1284,,"72,71",SRC_208
P01285,Product_1285,,"251,35",SRC_154
P01286,Product_1286,Manicure,"126,13",SRC_247
P01287,Product_1287,,235,SRC_100
P01288,Product_1288,Manicure,abc,SRC_55
P01289,Product_1289,Manicure,abc,SRC_30
P01290,Product_1290,,abc,SRC_63
P01291,Product_1291,Pedicure,abc,SRC_142
P01292,Product_1292,Manicure,abc,SRC_208
P01293,Product_1293,Pedicure,"22,53",SRC_220
P01294,Product_1294,Tools,"69,48",SRC_222
P01295,Product_1295,,abc,SRC_228
P01296,Product_1296,,"62,01",SRC_25
P01297,Product_1297,Manicure,abc,SRC_169
P01298,Product_1298,Pedicure,125,SRC_223
P01299,Product_1299,Pedicure,abc,SRC_5
P01300,Product_1300,Manicure,"120,84",SRC_46
P01301,Product_1301,Manicure,"299,83",SRC_214
P01302,Product_1302,,48,SRC_100
P01303,Product_1303,,130,SRC_10
P01304,Product_1304,,"263,18",SRC_10
P01305,Product_1305,Tools,"196,06",SRC_112
P01306,Product_1306,Pedicure,"189,29",SRC_93
P01307,Product_1307,Manicure,105,SRC_34
P01308,Product_1308,Tools,abc,SRC_70
P01309,Product_1309,,"71,62",SRC_225
P01310,Product_1310,Tools,"48,93",SRC_53
P01311,Product_1311,Pedicure,212,SRC_52
P01312,Product_1312,Manicure,10,SRC_80
P01313,Product_1313,Manicure,abc,SRC_175
P01314,Product_1314,,"222,43",SRC_145
P01315,Product_1315,Manicure,abc,SRC_133
P01316,Product_1316,Tools,"256,35",SRC_155
P01317,Product_1317,Manicure,abc,SRC_3
P01318,Product_1318,Manicure,62,SRC_37
P01319,Product_1319,,"259,46",SRC_183
P01320,Product_1320,Tools,abc,SRC_32
P01321,Product_1321,Tools,"210,46",SRC_58
P01322,Product_1322,,199,SRC_131
P01323,Product_1323,Tools,abc,SRC_42
P01324,Product_1324,Manicure,abc,SRC_235
P01325,Product_1325,,"20,17",SRC_1
P01326,Product_1326,Manicure,abc,SRC_134
P01327,Product_1327,,abc,SRC_29
P01328,Product_1328,,243,SRC_31
P01329,Product_1329,,246,SRC_163
P01330,Product_1330,Tools,"20,35",SRC_227
P01331,Product_1331,,abc,SRC_164
P01332,Product_1332,,230,SRC_109
P01333,Product_1333,,"295,97",SRC_3
P01334,Product_1334,Pedicure,294,SRC_21
P01335,Product_1335,Manicure,"126,49",SRC_73
P01336,Product_1336,,"202,96",SRC_65
P01337,Product_1337,Tools,"83,92",SRC_176
P01338,Product_1338,,"234,37",SRC_17
P01339,Product_1339,Tools,198,SRC_4
P01340,Product_1340,,abc,SRC_159
P01341,Product_1341,Manicure,189,SRC_121
P01342,Product_1342,Pedicure,"171,54",SRC_208
P01343,Product_1343,,"81,75",SRC_106
P01344,Product_1344,Manicure,abc,SRC_134
P01345,Product_1345,Pedicure,abc,SRC_134
P01346,Product_1346,Manicure,abc,SRC_77
P01347,Product_1347,,111,SRC_2
P01348,Product_1348,,"161,14",SRC_201
P01349,Product_1349,,98,SRC_44
P01350,Product_1350,Tools,"175,25",SRC_66
P01351,Product_1351,Manicure,"240,53",SRC_140
P01352,Product_1352,Manicure,45,SRC_95
P01353,Product_1353,Tools,"26,12",SRC_115
P01354,Product_1354,,291,SRC_142
P01355,Product_1355,Pedicure,"293,14",SRC_158
P01356,Product_1356,Pedicure,abc,SRC_162
P01357,Product_1357,Manicure,"23,97",SRC_206
P01358,Product_1358,,191,SRC_244
P01359,Product_1359,Manicure,205,SRC_99
P01360,Product_1360,Tools,202,SRC_119
P01361,Product_1361,,96,SRC_231
P01362,Product_1362,Manicure,"294,33",SRC_191
P01363,Product_1363,Manicure,"166,31",SRC_92
P01364,Product_1364,,abc,SRC_111
P01365,Product_1365,Manicure,276,SRC_161
P01366,Product_1366,Tools,abc,SRC_174
P01367,Product_1367,Pedicure,"175,87",SRC_3
P01368,Product_1368,Pedicure,287,SRC_87
P01369,Product_1369,,abc,SRC_203
P01370,Product_1370,,"28,99",SRC_136
P01371,Product_1371,Pedicure,"31,43",SRC_249
P01372,Product_1372,,abc,SRC_172
P01373,Product_1373,,abc,SRC_231
P01374,Product_1374,,abc,SRC_111
P01375,Product_1375,,abc,SRC_177
P01376,Product_1376,Manicure,18,SRC_4
P01377,Product_1377,,"61,74",SRC_155
P01378,Product_1378,Tools,166,SRC_240
P01379,Product_1379,Tools,69,SRC_64
P01380,Product_1380,,"242,55",SRC_142
P01381,Product_1381,Tools,abc,SRC_206
P01382,Product_1382,Tools,abc,SRC_81
P01383,Product_1383,,abc,SRC_97
P01384,Product_1384,Pedicure,abc,SRC_122
P01385,Product_1385,Pedicure,126,SRC_194
P01386,Product_1386,Manicure,abc,SRC_171
P01387,Product_1387,Manicure,217,SRC_175
P01388,Product_1388,Manicure,129,SRC_49
P01389,Product_1389,Manicure,abc,SRC_220
P01390,Product_1390,Pedicure,269,SRC_99
P01391,Product_1391,,"53,82",SRC_239
P01392,Product_1392,Tools,62,SRC_203
P01393,Product_1393,Manicure,"91,87",SRC_222
P01394,Product_1394,Pedicure,133,SRC_65
P01395,Product_1395,Pedicure,"246,31",SRC_18
P01396,Product_1396,Pedicure,"48,67",SRC_74
P01397,Product_1397,Manicure,abc,SRC_31
P01398,Product_1398,,"297,18",SRC_17
P01399,Product_1399,Manicure,"156,59",SRC_7
P01400,Product_1400,,abc,SRC_124
P01401,Product_1401,Pedicure,71,SRC_212
P01402,Product_1402,Tools,166,SRC_232
P01403,Product_1403,Pedicure,60,SRC_132
P01404,Product_1404,,100,SRC_104
P01405,Product_1405,Pedicure,"252,81",SRC_140
P01406,Product_1406,,"147,28",SRC_12
P01407,Product_1407,Manicure,197,SRC_130
P01408,Product_1408,Manicure,"217,47",SRC_133
P01409,Product_1409,,"34,86",SRC_131
P01410,Product_1410,,76,SRC_73
P01411,Product_1411,,"104,71",SRC_111
P01412,Product_1412,Manicure,abc,SRC_97
P01413,Product_1413,Manicure,121,SRC_214
P01414,Product_1414,Pedicure,"50,33",SRC_177
P01415,Product_1415,Manicure,107,SRC_234
P01416,Product_1416,Pedicure,abc,SRC_191
P01417,Product_1417,Manicure,abc,SRC_59
P01418,Product_1418,Manicure,127,SRC_146
P01419,Product_1419,Manicure,156,SRC_106
P01420,Product_1420,Tools,"104,92",SRC_144
P01421,Product_1421,,"294,12",SRC_238
P01422,Product_1422,,abc,SRC_125
P01423,Product_1423,,48,SRC_89
P01424,Product_1424,Pedicure,abc,SRC_64
P01425,Product_1425,Manicure,112,SRC_125
P01426,Product_1426,Manicure,"218,06",SRC_129
P01427,Product_1427,Tools,abc,SRC_117
P01428,Product_1428,,271,SRC_80
P01429,Product_1429,,91,SRC_234
P01430,Product_1430,Tools,"281,65",SRC_87
P01431,Product_1431,Manicure,55,SRC_124
P01432,Product_1432,,abc,SRC_172
P01433,Product_1433,Pedicure,abc,SRC_166
P01434,Product_1434,,"178,81",SRC_242
P01435,Product_1435,Manicure,104,SRC_166
P01436,Product_1436,,abc,SRC_90
P01437,Product_1437,Pedicure,abc,SRC_133
P01438,Product_1438,Pedicure,"134,99",SRC_113
P01439,Product_1439,Pedicure,"163,65",SRC_221
P01440,Product_1440,Manicure,"184,55",SRC_14
P01441,Product_1441,,"265,70",SRC_174
P01442,Product_1442,,"153,49",SRC_22
P01443,Product_1443,Tools,"49,19",SRC_66
P01444,Product_1444,Tools,"234,13",SRC_144
P01445,Product_1445,Pedicure,abc,SRC_115
P01446,Product_1446,Tools,"267,42",SRC_55
P01447,Product_1447,,294,SRC_180
P01448,Product_1448,Manicure,76,SRC_118
P01449,Product_1449,,"22,90",SRC_157
P01450,Product_1450,Tools,132,SRC_143
P01451,Product_1451,,194,SRC_75
P01452,Product_1452,Manicure,290,SRC_165
P01453,Product_1453,Pedicure,abc,SRC_64
P01454,Product_1454,,abc,SRC_70
P01455,Product_1455,Tools,256,SRC_124
P01456,Product_1456,,"278,46",SRC_177
P01457,Product_1457,,"151,43",SRC_106
P01458,Product_1458,Manicure,abc,SRC_50
P01459,Product_1459,,abc,SRC_232
P01460,Product_1460,Pedicure,"107,97",SRC_73
P01461,Product_1461,Pedicure,"147,34",SRC_47
P01462,Product_1462,Tools,"209,63",SRC_31
P01463,Product_1463,,abc,SRC_143
P01464,Product_1464,,abc,SRC_1
P01465,Product_1465,Pedicure,"234,92",SRC_196
P01466,Product_1466,Pedicure,abc,SRC_210
P01467,Product_1467,Manicure,261,SRC_24
P01468,Product_1468,Pedicure,"233,78",SRC_132
P01469,Product_1469,,"173,40",SRC_135
P01470,Product_1470,,"62,78",SRC_222
P01471,Product_1471,,abc,SRC_21
P01472,Product_1472,Pedicure,"75,79",SRC_43
P01473,Product_1473,,"197,75",SRC_92
P01474,Product_1474,Manicure,201,SRC_94
P01475,Product_1475,Tools,abc,SRC_97
P01476,Product_1476,Pedicure,"86,71",SRC_176
P01477,Product_1477,,"11,43",SRC_224
P01478,Product_1478,Tools,abc,SRC_184
P01479,Product_1479,Tools,"69,06",SRC_200
P01480,Product_1480,Manicure,69,SRC_225
P01481,Product_1481,Manicure,50,SRC_97
P01482,Product_1482,,94,SRC_75
P01483,Product_1483,Tools,abc,SRC_152
P01484,Product_1484,Manicure,"271,10",SRC_59
P01485,Product_1485,,244,SRC_217
P01486,Product_1486,Tools,18,SRC_143
P01487,Product_1487,Pedicure,102,SRC_6
P01488,Product_1488,Tools,abc,SRC_41
P01489,Product_1489,Tools,214,SRC_186
P01490,Product_1490,Manicure,abc,SRC_120
P01491,Product_1491,Tools,28,SRC_28
P01492,Product_1492,Tools,"20,24",SRC_241
P01493,Product_1493,Tools,143,SRC_27
P01494,Product_1494,Pedicure,"209,15",SRC_222
P01495,Product_1495,,abc,SRC_191
P01496,Product_1496,,159,SRC_56
P01497,Product_1497,Manicure,111,SRC_218
P01498,Product_1498,Tools,"179,56",SRC_122
P01499,Product_1499,Pedicure,abc,SRC_125
